id,Sci-Fi,Crime,Romance,Animation,Music,Comedy,War,Horror,Film-Noir,Adventure,News,Western,Thriller,Adult,Mystery,Short,Talk-Show,Drama,Action,Documentary,Musical,History,Family,Reality-TV,Fantasy,Game-Show,Sport,Biography,title-text
1,0,0,0,0,1,0,0,0,0,0,0,0,0,0,0,0,0,0,0,0,0,0,0,0,0,1,0,0,__100_000 Name That Tune_ (1984) A short-lived quiz show hosted by TV veteran Jim Lange Husband-and-wife teams would compete against each other in answering a tough series of trivia questions The winning couple would then go on to the championship round where they would have a chance to win one million dollars Two married couples sometimes including a returning champion competed in one of the first game shows to offer 1 million as a grand prize In 1000000 Chance of a Lifetime which combined elements of Wheel of Fortune and Scrabble the couples competed to solve word puzzles Up to six clues were given for the puzzles solution one member of each team was selected to try to guess each clue word with letters inserted at random except for the last one Each correct guess was worth 25 and allowed the contestant to go to the keyboard The keyboard indicated which letters were in the puzzle plus one stinger an extra letter not in the puzzle selecting the stinger meant the contestant lost hisher turn and a new clue was played Each selected letter revealed in the puzzle added 25 to the pot the team that solves the puzzle won the pot Three rounds were played with the second round values of 50 per cluepuzzle letter and third round values of 100 each The team with the most money after three rounds was champion kept their winnings and advanced to the bonus round In the bonus round the couple selected a category from a choice of three and then are locked in an isolation booth The couple has 60 seconds to guess six words associated with that category For each successful bonus round win the couple was given a cash prize 5000 on day 1 10000 on day 2 or they could give it back and continue always at risk of losing a subsequent bonus round and thus having to leave the show Only by winning three bonus rounds in a row did the couple win the 1 million grand prize The 1 million was awarded as all cash during the spring 1986 season and 900000 plus a 100000 luxury prize package two Mazda cars a house full of furniture including a living room dining room bedroom complete kitchen and outdoor spa and twenty round-trip airline tickets to anywhere in America on Delta Air Lines during the 1986-1987 season
2,0,0,0,0,0,0,0,0,0,0,0,0,0,0,0,0,0,0,0,0,0,0,0,1,0,0,0,0,__25 Million Dollar Hoax_ (2004) An updated version of the popular long-running quiz show hosted by Jim Lange Two contestants compete to see who has the greater knowledge of popular songs As the music plays the first contestant to name the song wins money and prizes Additional challenges include the contestants bidding on how few notes they need in order to name that tune Two contestants competed in a series of musical identification games in this 1980s five-day-a-week update of Name That Tune Games included Melody Roulette where host Lange spun a carnival wheel to determine the dollar value of the tune Tune Topics where each songs title was related and the famous Bid-a-Note where contestants were given the clue to a song and then bid downward against each other to determine how few notes they needed I can name that tune in three notes Contestants won points for winning each round the high scorer after three rounds was champion and moved on to the Golden Medley In the Golden Medley the champion had to identify seven tunes within 30 seconds Prizes were awarded for each correct answer An incorrect guess stopped the game while naming all seven tunes won an additional prize package and the right to return for a tournament which took place every eight weeks or so for 100000 in cash and prizes Some of the prizes offered for the tournament winners were awarded individually to winners in a home- viewer contest
3,0,0,0,0,0,0,0,0,0,0,0,0,0,0,0,0,0,1,0,0,0,0,0,0,0,0,0,0,__5 Cover_ Seattle_ (2009) A three-episode reality series A woman has to convince her family that she has won the lottery and that the money has turned her from a nice girl into a selfish shopaholic If the prank is successful the family really will win a large prize If she fails her and her family get nothing
4,0,0,0,0,0,0,0,0,0,1,0,0,0,0,0,0,0,0,0,0,0,0,0,0,0,0,0,0,__9_99_ (2003) The independent music scene in Seattle is a vibrant community of talented musicians 5 Cover Seattle is a dramatic series from Humpdays Lynn Shelton that takes place over 1 weekend in the lives of 14 Seattle bands as they interact practice work perform and hang out with their friends
5,0,0,0,0,0,1,1,0,0,0,0,0,0,0,0,0,0,0,0,0,0,0,0,0,0,0,0,0,__Allo _Allo__ (1982) Can you have fun in New York City on 999 Before you say fuhgetaboutit let 999 hosts Julie Laipply Brian McMullan Maryam Basir and Rich Collier show you inexpensive and free things to do in the five boroughs Every episode of 999 is a whirlwind tour of New York Citys unique neighborhoods Visit parks museums restaurants galleries and a whole host of interesting attractions that cost little or no money Each show reveals eight to ten adventures with a combined cost that never tops 999 Whether youre watching from new York New Jersey or Connecticut satellite or cable dont miss out on the next adventure for only 999
6,1,0,0,1,0,0,0,0,0,1,0,0,0,0,0,0,0,0,0,0,0,0,0,0,1,0,0,0,__hack__Roots_ (2006) A mischievous boy who allows pets to escape then earns a reward for returning the animals meets Mr Rana a strange new neighbor with an affinity for frogs - so much so that the man has created a frog pond in his own bedroom Soon the neighbors are disappearing frogs are appearing and the youngster his catching flies for Mr Ranas large amphibians
7,1,0,0,1,0,0,0,0,0,1,0,0,1,0,1,0,0,1,1,0,0,0,0,0,1,0,0,0,__hack__SIGN_ (2002) In 2015 CC Corporations data-center caught on fire destroying The World By splicing in data from what would have been another project CC Corp was able to rebuild the game In 2016 The World R2 was released hackRoots covers the time Haseo spent with Shino and Ovan in the guild known as the Twilight Brigade before the hackGU PS2 games
8,1,0,0,1,0,1,0,0,0,1,0,0,0,0,0,0,0,0,1,0,0,0,0,0,1,0,0,0,__hack__Tasogare no udewa densetsu_ (2003) Despite restrictions placed upon his character Tsukasa has been logged into the game for 10 days straight and rumors fly about a player-killing monster running loose At Soras suggestion Subaru and the Knights declare Tsukasa a wanted player throughout The World
9,1,0,0,1,0,0,0,0,0,0,0,0,0,0,0,0,0,1,1,0,0,0,0,0,0,0,0,0,_009-1_ (2006) Four years after the Twilight incident in the hack video games stability has seemingly returned to the on-line RPG The World Shugo and Rena twin siblings who are living apart from each other mysteriously acquire the player models of the hackers Kite and BlackRose respectively But invincible monsters have now made their way into the game - possibly as a result of a group of rogue players Shugo is given the Twilight Bracelet a dangerous data-altering item entrusted to the original Kite Shugo and Rena along with their newfound friends in the game including Balmung and Sanjuro two original players involved with the Twilight conflict attempt to uncover the secret of these events while also avoiding the Cerulean Knights a relentless team of system administrators
10,0,0,0,0,0,0,0,0,0,0,0,0,0,0,0,0,0,0,0,0,0,0,0,1,0,0,0,0,_1 Day with____ (2004) In an alternate reality the Cold War never ended and has continued on for 140 years As a result the world we knew was divided into two factions the West Block and the East Block As the War proceeds the tension between the two factions as well as the amount of nuclear weapons they have rise higher and higher Mylene Hoffman009-1 is a beautiful female cyborg who is a spy for the West Block With her highly developed fitness skills with a cyborg body surpassing an average woman Mylene takes action in various missions issued by her superiors
11,0,0,0,0,0,0,0,0,0,0,0,0,0,0,0,0,0,0,0,0,0,0,0,0,0,1,0,0,_1 vs_ 100_ (2006) KST and SOAPnet are producing a season of 1 Day With 1 Day With is an un-scripted reality-based celebrity profile of a daytime actor for one day The show provides the audience with their first opportunity to witness real moments with their favorite actors who reveal their personal life off the set Popular daytime actor Wally Kurth Ned on General Hospital is the shows host Wally has a fresh and disarming way of interacting and communicating with his fellow actors He brings a playful and endearing quality to the show as we watch him and the guest actoractress share the day together Each episode features the two stars in a day that is unique to each guest Wally will look inside their home learn about their family explore their passions and find out about other aspirations they may have outside their acting career Its a candid spontaneous and often surprising look into the lives of daytime soap actors
12,0,0,0,0,0,0,1,0,0,0,0,0,0,0,0,0,0,1,0,0,0,0,0,0,0,0,0,0,_10 Days to War_ (2008) Federal prosecutor Beth Duncan who worked on a hate crime is abducted while attending her daughters green belt ceremony Issue of race come up in this case as the team sifts through a long list of criminals with motives Eventually Jess and Nicole rescue the prosecutor but wind up killing her abductor in the process But for Beth the kidnapper is ultimately proved innocent in the original crime for which she had him convicted for
13,0,0,0,0,0,0,0,0,0,0,0,0,0,0,0,0,0,0,0,1,0,0,0,0,0,0,0,0,_10 Finnish Architects_ An Outsider_s View_ (2003) A series of eight dramas to mark the fifth anniversary of the invasion of Iraq Each drama focuses on a real event that happened exactly five years ago to the day
14,0,0,0,0,1,0,0,0,0,0,0,0,0,0,0,0,0,0,0,0,0,0,0,0,0,1,0,0,_10 om te zien_ (1989) Leslie wants to join the Bisons a high society club and plans on attending an event to make sure he gets in Leslie learns that he needs a date because the Bisons are big on pairs Leslie then begins his search and finally convinces Ingrid to go with him
15,0,0,0,0,0,1,0,0,0,0,0,0,0,0,0,0,0,0,0,0,0,0,0,0,0,0,0,0,_10 Things I Hate About You_ (2009) This hit show in both senses of the term was for years Flanders weekly equivalent of the BBCs Top of the Pops but on commercial TV VTM Over time presenters came and went and some minor features too such as voting in a relatively unknown but basically it has always been a parade of Flemish and some international slightly more English - then Dutch - occasionally other language hit songs performed live indoors often in a major disco or outdoors later it was removed from the weekly schedule but tends to reoccur in summer on location at the Belgian coast
16,0,0,0,0,0,0,0,0,0,0,0,0,0,0,0,0,0,0,0,1,0,0,0,0,0,0,0,0,_10 Years of Monkey Business_ (2007) Kat and Bianca Straford may be sisters but all comparisons end there Kat is an outspoken independent feminist Bianca is a social butterfly who wants nothing more to be popular even if it means bowing to the whims of people like the demanding Chastity Church The series highlights the Stratford sisters as they experience the highs and lows of high schools deal with their overprotective father and find love In Biancas case this is her friend Cameron who has a huge crush on her while Kat finds herself in an interesting relationship with school bad boy Patrick Verona
17,0,1,0,0,0,0,0,0,0,0,0,0,0,0,0,0,0,1,0,0,0,0,0,0,0,0,0,0,_10-8_ Officers on Duty_ (2003) A farewell series of 3 programmes celebrating the last 10 years of the phenomenally successful Monkey Business The series has followed the day -to -day lives of apes and monkeys at one of the largest primate rescue centres in the world In todays programme we look back at the Monkey Business MEMORABLE CHARACTERS
18,0,0,0,0,0,0,0,0,0,0,0,0,0,0,0,0,0,0,0,0,0,0,1,0,0,0,0,0,_100 Deeds for Eddie McDowd_ (1999) Valero returns filling in for Layne Amante and Barnes attend a murder staged to look like suicide Jablonskis attitude gets him in trouble Rico gets an invitation to join the station boxing team and witnesses a birth A grandmother asks for help with her wayward grandson A man takes a gun into the station
19,0,0,0,0,1,0,0,0,0,0,0,0,0,0,0,0,0,0,0,1,0,0,0,0,0,0,0,0,_100 Greatest Artists of Rock _ Roll_ (1998) 100 Deeds for Eddie McDowd stars a school bully who got turned into a dog by a drifter for being a bad kid He then ends up in the pound where hes adopted by the last kid he bullied From there Eddie McDowd has to perform 100 good deeds in order to become a kid again
20,0,0,0,0,0,0,0,0,0,0,0,0,0,0,0,0,0,0,0,1,0,0,0,0,0,0,0,0,_100 Greatest Discoveries_ (2004) The 100 Greatest Artists of Rock  Roll was the very first installment of the long running 100 Greatest franchise for VH1 Hosted by Kevin Bacon qv the mini-series of 5 one-hour episodes counted down the 100 most influential artists according to a VH1 survey of rock stars pop stars band members musicians and producers
21,0,0,0,0,0,0,0,0,0,0,0,0,0,0,0,0,0,0,0,1,0,0,0,0,0,0,0,0,_100 Moments That Rocked TV_ (2003) Bill Nye The Science Guy hosts a new series that highlights the greatest scientific discoveries of all time from the earliest time to the present day The series features nine episodes Evolution Earth Sciences Medicine Physics Astronomy Chemistry Genetics and Biology plus a wrap up episode featuring the top 10 discoveries of all time This is a fun and instructive series with a lot of historical re-creations archival footage visits to interesting scientific research facilities and interviews with present-day scientists including several Nobel laureates - all presented with the flair and humor associated with televisions Science Guy Bill Nye
22,0,0,1,0,0,1,0,0,0,0,0,0,0,0,0,0,0,1,0,0,1,0,0,0,0,0,0,0,_1000 millones_ (2002) A joint effort of the VH1 cable network and TV Guide magazine this five-part series offered a countdown of the 100 greatest musical moments ever telecast Each episode offered 20 of those moments on a descending scale ie 100-81 80-61 etc Among the highlights represented via film and video excerpts and eyewitness recollections were the creation of MTV Michael Jacksons Moonwalk Britney Spears first appearance on Star Search the debuts of such musically oriented series as The Monkees and The Sonny and Cher Show and even such celebrated disasters as Mariah Careys strip meltdown on Total Request Live The same list appeared both on VH1 and in the pages of TV Guide though there were a few discrepancies in the rankings For example while VH1 had once rated the Beatles American debut on The Ed Sullivan Show as the number one TV musical event of all time TV Guide superseded this with Bill Clintons saxophone solo on The Arsenio Hall Show The VH1 version of 100 Moments That Rocked TV ran for five consecutive evenings beginning January 13 2003
23,0,0,0,0,0,0,0,0,0,0,0,0,0,0,0,0,0,0,0,1,0,0,0,0,0,0,0,0,_1000 seconden_ (1992) Julian Vargas is a person very humid and a little vulgar loves women and very caring for his friends He is separated and lives in the Boca neighbor hood with his adopted mother and his brother He has an aunt and a cousin a little slow and friend Luis He is a workman in the dry dock of Tigre This way he earns his living and does not have high expectations of life Does not study left high school in the third year and lives his life and seducing women Carolina Marin is a neighbor of Julian and his friend since they where very young Carolina is a student in the university and she is left only one year to graduate and receive her diploma as an accountant She is an example very beautiful good very hard learning loves her father and lives for him The real father of Julian a very powerful business man is very ill and on his dieting bad he had decided to leave his in heritage his huge fortune to his son that he had never known all his businesses is 1 billion For this he heirs a lower to take care of everything The family of the father of Julin does not know that Julian exists and they are sure that all the in heritage of the 1 billion will go to them Pilar Arias is a very unparticular girl of 28 years old she had a very reach and good life only that her father a hardhearted player that she didnt see for a long time he had left her and her mother in the street this is why they had emigrated to Brazil went through lots of privations Pilar returns to Buenos Aires ready for to gain at any cost the place that they had lost long ago From one day to another Julin Vargas receives an important news his biological father whom he did not know is dying The magnate Manuel Prado Calets will leave him a Billion Dolars inheritance that will test the values of this man which only fortune they are his family and his childhood friend Carolina Marn Julin lives in a humble neighborhood with his adoptive mother his brothers Diego and Gisella and he works as an employee at the port His more valued exchequers are his friends of the neighborhood the football matches his car The Torino and his fleeting romances Unlike Julin Carolina is about to finish her carrier and works a very important holding and though she is a simple woman her ambitions always overcame to those of his friend But they share something more than the old neighborhood they were part of a former history of sweet teenager love Many people will try to separate Julin of his fortune The managers of the holding Lanari and Pilar Arias and the family Prado Calets will fight up to the end to destroy him Julin and Carolina will try to overcome the conflicts that they will be provided by this new life riddled with power interests and enemies Together they will cross a new way and will discover a great love
24,0,0,0,0,0,0,0,0,0,0,0,0,0,0,0,0,0,0,0,0,0,0,0,0,0,0,1,0,_1000cc Raw Thrill_ (2009) In this popular cooking show Herwig Van Hove an erudite outspoken and witty college professor and passionate gastronome presents a recipe for a main dish and sometimes a dessert which takes him no more then 1000 seconds hence the title circa 17minutes to prepare assisted by the popular blabbermouth-presenter Dr Steemans better known as his phony-Italian alter-ego Felice his soundboard for various tips on cooking ingredients the food business etc which continue during the tasting
25,0,0,0,1,0,1,0,0,0,0,0,0,0,0,0,0,0,0,0,0,0,0,1,0,0,0,0,0,_101 Dalmatians_ The Series_ (1997) 1000CC Raw Thrill is a Sport-bike Lifestyle motorcycle show hosted by long time Motorcycle Industry insider Greg White and Erin Bates of AMA Supercross fame 1000cc Raw Thrill introduces and entertains the audience about the world of Sport-bike riding and all that it has to offer The show features in-studio interviews from some of the industrys top experts and riders tech tips the latest in sport-bike technology stories from around the United States and more
26,0,0,1,0,0,0,0,0,0,0,0,0,0,0,0,0,0,1,0,0,0,0,0,0,0,0,0,0,_101-kai me no puropozu_ (1991) This show acts as a mix of the Dodie Smith book 1961 animated movie and 1996 live-action movie After foiling Cruella DeVils plot to make a fur coat with the puppies skins the Dearly Family Roger and Anita Dearly Nanny Pongo Perdita their 15 birth puppies and 84 adopted puppies move to a new farm home in the country This show centers on three of Pongo and Perdys pups brave Lucky tubby Rolly and Cadpig the runt Together with their chicken friend Spot they defend their new home from Cruella DeVil Anitas boss and now new neighbor continually get in and out of trouble sneak into Grutely and have all sorts of crazy adventures around the farm Also along for the fun is Tripod Patch Two-Tone Wizzer Dipstick Mooch and the rest of their barnyard friends
27,0,0,0,0,1,0,0,0,0,0,0,0,0,0,0,0,0,0,0,0,0,0,0,0,0,0,0,0,_106 _ Park_ Prime_ (2003) A young man has problems finding his true love His brother tries to help him out but to no avail It seemed as though this man would be on the brink of major depression until he meets a beautiful young lady This drama follows their relationships and the people who surround them
28,0,0,0,0,0,0,0,0,0,0,0,0,0,0,0,0,0,0,0,1,0,0,0,0,0,0,0,0,_109_ (2005) Celebrities at the prime of their lives and caareers host the spin-off series of 106  Park Top 10 Live Ongoing projects by the artists are discussed as their music acting athletic comic and intellectual talents are shown to a live audience through music videos and interviews with guests
29,1,1,0,0,0,0,0,0,0,0,0,0,0,0,1,0,0,0,1,0,0,0,0,0,0,0,0,0,_10th Muse_ (2009) 109 is a documentary series that examines significant social and cultural trends transforming Canadian society We live in a world where national borders crumble in the face of sweeping social and cultural trends Instant communications Internet and easy travel have created a world where people and ideas move freely Cultures and trends spread around the globe at the speed of light And Perhaps because of its cultural diversity Canada finds itself at the crossroad of these vast and influential trends 109 examines how Canadian find themselves swept up by trends A road map to the social and cultural trends that affect your lives today
30,0,0,0,0,0,0,0,0,0,0,0,0,0,0,0,0,0,1,0,0,0,0,0,0,0,0,0,0,_11 Cameras_ (2006) Emma Sonnet was mysteriously abducted two years ago during a summer trip to Greece while celebrating her graduation from law school Today she resurfaces just as mysteriously with a unique take on the law Upon discovering her strange and remarkable abilities she becomes torn between battling in the courtroom and dealing justice in the streets her own way as the 10th Muse
31,0,0,0,0,0,0,1,0,0,0,0,0,0,0,0,0,0,1,0,0,0,0,0,0,0,0,0,0,_12 O_Clock High_ (1964) Postal mailboxes are mostly empty these days Long-distance friends and lovers have traded in their pen and ink for the ones and zeros of e-mail and the electronic hum of ten thousand web cams Computers are the new breeding ground for todays relationships Love sex loneliness fear money woes longing adultery and jealousy -- 11 CAMERAS is a voyeuristic look at human relationships and the new ways we connect to one another in the digital age
32,0,0,0,0,0,1,0,0,0,1,0,0,0,0,1,0,0,0,0,0,0,0,0,0,0,0,0,0,_12 stulyev_ (1977) This series chronicles the adventures--in the air and on the ground--of the men of the 918th Bombardment Group of the US Eighth Air Force First commanded by irascible General Frank Savage--and later by Colonel Joe Gallagher the son of a Pentagon General--the Group is stationed in England and flies long-range bombing missions into German-held Europe
33,0,0,0,0,0,0,0,0,0,0,0,0,0,0,0,0,0,0,0,0,0,0,0,1,0,0,0,0,_13 Weeks_ (2005) While vacationing in snowy Maine photographer Donald Powers takes a number of powerful images none more so than a lonely farmhouse framed by a bleak landscape When a beautiful woman emerges from the house Powers tries to get her to pose instead she flees into the woods Powers overtakes her and tries to force her to return but in the struggle accidentally strangles her When Powers develops the picture of the farmhouse he notices something strange - whenever he looks at the picture the woman moves closer and closer to the camera
34,0,0,0,0,0,1,0,0,0,0,0,0,0,0,0,0,0,1,0,0,0,0,1,0,0,0,1,0,_15_Love_ (2004) 13 WEEKS is a reality show about 6 travel nurses on assignment in southern California See how these nurses work live and play Meet patients and coworkers and see their daily lives in the hospital Follow their adventures as they explore southern California Watch as they adjust to living in a beachside California mansion with 5 new roommates
35,0,0,0,0,0,1,1,0,0,0,0,0,0,0,0,0,0,0,0,0,0,1,0,0,0,0,0,0,_1628_ (1991) 15Love is a comedy-drama about coming-of-age in a unique high-pressure environment The series follows a group of young hopefuls at the internationally renowned Cascadia Tennis Academy where they live love laugh fight cry and dream their way through adolescence
36,0,0,0,0,0,0,0,0,0,0,0,0,0,0,0,0,0,1,0,0,0,0,0,0,0,0,0,0,_17 - o poveste despre destin_ (2008) In 1628 Sweden is at war with Poland A new warship called Vasa is therefore ordered to be built Two wharves compete for the right to build it one lead by Bengt Skeppsbyggare and the other lead by Bengt Btbyggare However foreign powers such as Poles and Dutch try to sabotage the construction of the ship
37,0,0,0,0,1,0,0,0,0,0,0,0,0,0,0,0,0,0,0,0,0,0,0,0,0,0,0,0,_18 _ Over_ (2005) Diana lives in a big mansion with her mother and her stepfather and dreams of becoming a musician The quarrel and the instability in the house push her in spending more time with her group of high school colleagues One of the usual nights out in the park they get in trouble with a band of drug dealers
38,0,1,0,0,0,0,0,0,0,0,0,0,1,0,0,0,0,1,1,0,0,0,0,0,0,0,0,0,_18 Wheels of Justice_ (2000) A weekly show with a fresh young and bilingual look at the top 18 music videos according to sales charts of CDs people are buying in stores and on line the weekly radio airplay lists of the songs the DJs play over and over on your favorite stations and finally we combine those two with our own mun2 research
39,0,0,0,0,0,0,0,0,0,0,0,0,0,0,0,0,0,0,0,0,0,0,0,0,0,0,1,0,_1967 World Series_ (1967) Michael Cates is an agent for the Justice Department His assignment was to infiltrate the organization of Jacob Calder a deadly and vicious crime boss He saw Calder kill his mistress Calder was brought to trial and convicted Calder was not going to let Cates off the hook so he took a contract out on Cates The hitman missed Cates but was able to get his wife and daughter Cates boss Burton Hardesty decides that the best way for Michael to avoid Calders hitmen is for him to pose as Chance Bowman a trucker and drive all around Cates however cannot help but get involved with the lives of the people whom he meets and seems to run into people who have deals with or know Calder So as a result of this Calder gets a line on him and either sends someone to take him out or offers the bounty he placed on Cates to the people who informed him
40,0,0,0,0,0,0,0,0,0,0,0,0,0,0,0,0,0,0,0,0,0,0,0,0,0,0,1,0,_1975 World Series_ (1975) The 1967 World Series was won by the heavily favored St Louis Cardinals who had won the Series in 1964 in seven games over the stout-hearted resistance of the Boston Red Sox led by Triple Crown winner Carl Yastrzemski qv and American League Cy Young Award winner Jim Lonborg qv The seventh and deciding game was won by Hall of Fame pitcher Bob Gibson who racked up his third win in the Series and fifth-straight win going back to the 64 Series against the Yankees Adding insult to injury the amazing Gibson slugged two home runs in the seventh game putting an end to the Red Soxs Impossible Dream season
41,0,0,0,0,0,0,0,0,0,0,0,0,0,0,0,0,0,0,0,0,0,0,0,0,0,0,1,0,_1986 World Series_ (1986) The 1975 World Series between the Boston Red Sox of the American League and the Big Red Machine Cincinnatti Reds of the National League generally is considered the greatest worlds championship match-up in baseball history The Reds prevailed against the BoSox in seven games and Pete Rose qv was named Most Valuable Player
42,1,0,0,0,0,0,0,0,0,0,0,0,0,0,0,0,0,1,0,0,0,0,0,0,0,0,0,0,_1990_ (1977) The 1986 World Series the 83rd playing of the modern championship series in Major League Baseball was a memorable battle between the New York Mets were making their third World Series appearance last winning it all in 1969 and totaled one-hundred eight regular season wins and the Boston Red Sox returned to the Fall Classic after an eleven year hiatus which helped to spread the legend of The Curse of the Bambino to mass public awareness
43,0,0,0,0,0,1,0,0,0,0,0,0,0,0,0,0,0,0,0,0,0,0,0,0,0,0,1,0,_1st _ Ten_ (1984) We dont make laws we only carry them out Despite the Home Secretarys abolition of all exit visa appeals Kyle has successfully helped Doctor Vickers leave the United Kingdom but without his wife and daughter He invests his hopes in the international law which states that his family can join him provided he can attain residency status in another country However the Public Control Department are determined to exercise any legal loophole at their disposal to block Vickers efforts and in so doing put paid to Kyles interference - permanently
44,0,0,0,1,0,1,0,0,0,0,0,0,0,0,0,0,0,0,0,0,0,0,1,0,0,0,0,0,_2 Stupid Dogs_ (1993) Game show where contestants answer sports questions - and the episodes winner faces off to answer a Question of Great Significance on hisher specialty category to win more money and advances to the next round in a knockout tournament A spinoff of the popular UK quiz show Mastermind Kenny Mayne along with 4 panelists that are involved someway with north American sports players coaches columnists Sportscenter anchors or sometimes actors 3 or after season 1 2 contestants come to the show with a very indepth knowledge on one particular subject in the world of sports whether it be a specific team one teams season a player or just one sport in general In the first round each contestant gets 2 minutes to answer up to 20 questions from the panelists 5 per panelist In round 2 the field is narrowed down to 2 same rules apply but this time around Kenny is given 5 questions bringing in 25 questions The days winner will win prize money and an ESPN experience determined by what level in the tournament they are in when they won and are asked a question that pertains to their specialty which is insanely difficult to the average human being but not usually to that particular contestant
45,0,0,0,0,0,0,0,0,0,0,0,0,0,0,0,0,0,1,0,0,0,0,0,0,0,0,0,0,_20 plus_ (1995) Due to budget cuts the Chief makes several staff reassignments Secret must deal with being unemployed Penny steps up to the plate as a full-scale secret agent and Morocco shows his chops as the new office manager Criminal starts with C
46,0,1,0,0,0,0,0,0,0,0,0,0,0,0,0,0,0,0,0,0,0,1,0,0,0,0,0,1,_20-e dekabrya_ (1981) Drama about six friends in their twenties who have known each other since secondary school and meet up weekly in their local bar There they talk about love sex career future and relationships
47,0,0,0,0,0,0,0,0,0,0,1,0,0,0,0,0,0,0,0,1,0,0,0,0,0,0,0,0,_20_20_ (1978) Set in December of 1917 after the Bolshevik revolution in Russia Lenin and the communists are making every effort to strengthen their power Lenin appoints Felix Dzerzhinsky the Commissar for Internal Affairs and the head of the All-Russian Extraordinary Commission for Combating Conter-Revolution and Sabotage Cheka It became the predecessor of GPU and KGB
48,0,0,0,0,0,0,0,0,0,0,0,0,0,0,0,0,0,0,0,1,0,0,0,0,0,0,0,0,_200 Greatest Pop Culture Icons_ (2003) Drama High The Making of a High School Musical depicts the minefields that students must navigate both on stage and off when trying out for a high school musical Who will make the cast Who has a future in performing and who doesnt Rivalries heat up between peers while egos hit rock bottom and all time highs So many star struck teens in America dream of having their moment in the spotlight When a predominantly white high school in Virginia decides to stage The Wiz - the black musical version of the Wizard of Oz - students get their chance to achieve those dreams Over 100 kids audition but only four will win the chance to star in the performance For three months ABC News followed Westfield High Schools production of The Wiz from auditions to the final performance and all the emotion in between As the production unfolds in the special viewers experience the teens struggle with friendships their parents expectations and their own deepest ambitions ABC News captures scenes of searing conflict between a son who fights for his dreams of stardom and his mother who doubts his talents During the auditions the bravado of the schools star vocalist crumbles when her mother tells her shes too overweight to have a shot at the lead And when a gifted African American teen gets his dream role his mother pressures him to sign up with the military at the height of the conflict in Iraq In every week that passes the cast is confronted with fresh and unforeseen obstacles and enlightening discoveries And when the pressure reaches its apex before opening night the teens learn a profound lesson about friendship
49,0,0,0,0,0,0,0,0,0,0,0,0,0,0,0,0,0,1,0,0,0,0,0,0,0,0,0,0,_2000 Malibu Road_ (1992) You can quote them in an instant reference them with just one name and even dress up like them for Halloween In this always-expanding pop culture of ours there are plenty of stars but precious few icons On its latest edition of the acclaimed Greatest countdown series VH1 burrows into the pop personas that have made the ultimate impact names so familiar theyre recognized and revered in the worlds most far-flung spots What makes an Icon Its not enough to just be famous or to have won a couple of awards You have to pass one or more of the following criteria Do they pass the one-name test Can you dress up as them for Halloween Did they blaze a trail in pop culture Did they create a signature character in pop culture Can you quote them or their character in 10 seconds or less Did society imitate their sense of fashion Hairstyle Did SNL create a sketch satirizing them Did someone write a song about them Was or is there merchandising or paraphernalia that bears their image Can they be connected to Kevin Bacon Too large to be a 100 Greatest special VH1 will expand its reach and recognize 200 of Americas most outstanding and outrageous personalities with VH1s 200 Greatest Pop Culture Icons Each one hour episode is illustrated by celebrated artist Robert Risko and will take a fun and lighthearted look at the individuals and moments that now live immortally in American pop culture Risko accepted his first assignment from Andy Warhol and has been drawing the likenesses of hundreds of notables from the worlds of film television music and politics for over 20 years The 200 Greatest Pop Culture Icons is wide in scope accounting for television characters Gilligan and Miss Piggy cartoon crazies Bugs Bunny and Scooby Doo Hollywood heroes Rock Hudson and Jim Carrey and of course rock stars Jimi Hendrix and the Rolling Stones Hey were even throwing in the Three Stooges somewhere along the line Each will be the subject of a pithy profile thats sure to reveal new tidbits of info while reminding you of their subjects longstanding cultural significance Each will be scrutinized by awed celebrities and witty critics Along the way youll get new insights into how and why these gods and goddesses rose to the pop culture heavens Sex In the Citys Kristin Davis is your host through five nights worth of intriguing installments All-star interviews include Katie Couric Jay Leno The Osbourne Family Hugh Hefner Shania Twain Denis Leary Lisa Marie Presley William Shatner Susan Lucci Britney Spears Ringo Starr Kevin Bacon Penny Marshall and many many more Each one-hour episode is a fun and entertaining look at some of Americas favorite personalities and features exclusive interviews with Hollywood legends sports figures TV stars and musical icons It is a celebration of the people and the moments that live immortally in pop culture So there it is From Abba to Wonder Woman no there are no Zs on the list The 200 Greatest Pop Culture Icons is coming to make sense of uber fames timeless nature
50,0,0,1,0,0,1,0,0,0,0,0,0,0,0,0,0,0,1,0,0,0,0,0,0,0,0,0,0,_20tantos_ (2002) A story of four women living together at a beach house located at 2000 Malibu Road - Jade a former prostitute trying to get out of the profession Perry a young lawyer also escaping from her past Lindsay a would-be actress trying to get the right break and Joy Lindsays two-faced manipulative sister
51,0,0,0,0,0,0,0,0,0,0,0,0,0,0,0,0,0,0,0,1,0,1,0,0,0,0,0,1,_20th Century with Mike Wallace_ (1995) Gloria is a normal neither rich nor poor girl although very amusing and intelligent When beginning the series she has just left an employment to enter to work as scholarship holder in an important portal of Internet There she knows Miguel and she is been captivated of their enthusiasm their natural charm their idealism and of course their physical attractiveness Miguel places in the web an idealistic and controversial article that takes him to face with the director of the company works Miguel is said goodbye to so he decides to create his own portal of Internet for which claims the collaboration of his partners Only Gloria decides to accompany him Gloria makes it for love because it has been made illusions with Miguel So she is ruined when discovering that he has a girlfriend Natalia Gloria has given up a stable and promising employment for anything
52,0,1,0,0,0,0,0,0,0,0,0,0,0,0,1,0,0,1,0,0,0,0,0,0,0,0,0,0,_21 Jump Street_ (1987) Television news journalist Mike Wallace hosts this hour-long series taking a look back at some of the most important historic events and issues of the 20th century from the civil rights movement to the World Wars to the war against tobacco companies
53,0,0,0,0,0,0,0,0,0,0,0,0,0,0,0,0,0,0,0,1,0,0,0,0,0,0,0,0,_21st Century Terror_ (2006) This documentary aired as a TV series details the creation of Channel 4s updated version of Shakespeares Twelfth Night Including interviews with the director and cast comparisons with previous adaptations of the Bards works and behind-the-scenes looks at the making of this TV movie which intertwines classic literature with the modern-day issues of interracial romance and the plight of asylum-seekers in Europe
54,0,0,0,0,0,1,0,0,0,0,0,0,0,0,0,0,0,0,0,0,0,0,0,0,0,0,0,0,_227_ (1985) Ten part series on terrorism focusing on Islamic extremism from its early roots through the current conflict with the West Two of the 10 parts are taken from earlier run theatrically released documentary Inside 911 screened again with 8 new documentary hours as part of National Geographic Terrorism Week Reign of Terror Al Qaeda and the World Islamic Front for Jihad
55,0,1,0,0,0,0,0,0,0,0,0,0,1,0,1,0,0,1,1,0,0,0,0,0,0,0,0,0,_24_ (2001) For this young family their dining room has become a dysfunctional dumping ground of stuff Angelo comes to the rescue with a dining room redo sure to meet everyones needs With the help of design team members Kimberly Pollard and Russ Hemmis these projects are going to seem easy enough for you to try at home
56,0,0,0,0,0,0,0,0,0,0,0,0,0,0,0,0,0,0,0,0,0,0,0,1,0,0,0,0,_24_7 Chicago_ (2008) Jack and Renee try to find a sniper after the death of a witness Tony Almeidas terrorist cell gains control of the air traffic control system Henry Taylor makes an off the books visit to confront his sons girlfriend President Taylor continues to lay the ground work for a preventive operation in Sangala
57,0,0,0,0,0,0,0,0,0,0,0,0,0,0,0,0,0,0,0,1,0,0,0,0,0,0,0,0,_24_7_ Airport_ (2002) Marcus is talking sex in Chicago with Oprahs go-to girl Doctor Laura Berman Were then getting wine tips from master sommelier Serafin Alvarado Join us as we travel to Napa California to uncover three premier wineries and learn where to find these savory wines right here in Chicago Back in the Windy City well learn how to pair our Napa wines with the perfect dish Were discovering the perfect place to vacation at The Westin Verasa
58,0,0,0,0,0,0,0,0,0,1,0,0,0,0,0,0,0,0,0,0,0,0,0,0,0,0,0,0,_240-Robert_ (1979) Behind the scenes at John F Kennedy International Airport Completed only months before 9112001 247 Airport is a rare award-winning look at the inner workings of the famous airport from the Tarmack to the Control Tower that has been called the Ellis Island of the Space Age Made in full participation with the Port Autority Of New York  New Jersey this fast paced film details many of the arduous and often dangerous tasks facing the thousands of men and women whose job it is to keep one of the worlds busiest international airports operating smoothly - 24 hours a day 7 days a week Through sunny skies and three New York sized blizzards DirectorCinematographer Neil Barrett and ProducerCinematographer Chapin Wilson go behind the scenes where few cameras have been before or since
59,0,0,0,0,0,0,0,0,0,0,0,0,1,0,0,1,0,1,1,0,0,0,0,0,0,0,0,0,_24_ Conspiracy_ (2005) 240-ROBERT followed the exploits of the Los Angeles County Sheriffs Department Emergency Services Detail Utilizing helicopters boats and a customized Ford Bronco the team managed to extract hapless citizens from various dangerous situations The series was based on the real life 240 unit of the Sheriffs Department
60,0,0,0,0,0,0,0,0,0,0,0,0,0,0,0,0,1,0,0,0,0,0,0,0,0,0,0,0,_26 N_ Halsted_ (2000) This spin-off of the television show 24 seen only on cell phones was a promotional tool for season four of the hit show The events take place at a CTU in Washington DC CTU agent Martin Kail is called in to investigate when former lover and fellow CTU agent Susan Walker kills a DOD official
61,0,0,0,0,0,0,0,0,0,0,0,0,0,0,0,0,0,0,0,1,0,0,0,0,0,0,0,0,_26000 gezichten_ (2004) 26 N Halsted is a 30-minute issue responsive public affairs program designed to address discuss and disseminate information relevant to Chicago and its communities It is our goal to conduct thought-provoking discussions that directly and indirectly affect you and your neighborhoods Our panel is made up of both prominent community members who are recognized experts in the given issue being discussed as well as the average man on the street who these issues affect If you are looking for a program for by and about Chicagoans  26 N Halsted is your one stop shop for information
62,0,0,0,0,0,1,0,0,0,0,0,0,0,0,0,0,0,0,0,0,0,0,0,0,0,0,0,0,_3 bogatyrya_ (2002) 26000 gezichten 26000 faces is an initiative of a 100 Dutch Filmmakers who question the expel of a huge group of long term staying asylum seekers in the Netherlands The goal is to make personal cinematic portraits of this unfortunate group of people for daily broadcasting on national TV Harry tells the story of Abdikarim After war fear and captivity this Somalian young man now has to leave again from Holland
63,0,0,0,0,0,0,0,0,0,0,0,0,0,0,0,0,1,0,0,0,0,0,0,0,0,0,0,0,_3 i m_s_ (2006) 3 Day Weekend brings viewers the luxurious spas beautiful bed and breakfasts historical sites and breathtaking scenery that make the South unique 3 Day Weekend is the definitive guide on where to go where to stay and what to do for the most fun relaxation and great memories a long weekend can offer
64,0,0,0,0,0,1,0,0,0,0,0,0,0,0,0,0,0,0,0,0,0,0,0,0,0,0,0,0,_3 Non-Blondes_ (2003) Erica Lund a young girl is admitted to Hanso Neuro as shes been experiencing violent seizures However shes refusing to have surgery because she has euphoric moments before each episode Elsewhere patient Matt Ketchum is being treated for a traumatic head wound that causes him to blurt out his most intimate thoughts
65,0,0,0,0,0,0,0,0,0,0,0,0,0,0,0,0,0,0,0,0,0,0,0,0,0,1,0,0,_3_s a Crowd_ (1979) Gary Reich the man who started the hidden-camera careers of Sacha Baron Cohen Da Ali G Show and Dom Joly Trigger Happy TV has found three women to take to the streets and carry the genre just that little bit further Nothing is sacred and no-one is safe
66,0,0,0,0,0,0,0,0,0,0,0,0,0,0,0,0,0,0,0,0,0,0,1,0,0,0,0,0,_3-2-1 Contact_ (1980) Who knows a man better his wife or his secretary This Chuck Barris game show sought to resolve the age-old question Points were awarded based on how a male contestants wife and secretary answered usually risque questions The winning team either the wives or the secretaries split a 1000 cash prize
67,0,0,0,1,0,1,0,0,0,0,0,0,0,0,0,0,0,0,0,0,0,0,0,0,0,0,0,0,_3-South_ (2002) Jason gets a time machine But he doesnt want to listen to the advice from his elders on how to make it work Because of a glitch they crash land on a planet populated by three old Penguins who just like to dole out unsolicited advice Then they all realize that Jasons time machine did work and these old penguins are Midgel Fidgel and Zidgel in future form Plus the old guys because of their experience are the only ones who know how to repair the ship and the time machine Its a lesson in listening to your elders
68,0,0,0,0,0,0,0,0,0,0,0,0,0,0,0,0,0,0,0,0,0,0,0,1,0,0,0,0,_30 Days _Til I_m Famous_ (2008) The adventures of two irresponsible freshmen Sanford and Del who are forced to live with an uptight pre-med student Joe Hapless high school buddies Sanford and Del arrive at the third-rate Barder College oblivious to what higher education is all about
69,0,0,0,0,0,0,0,1,0,0,0,0,0,0,0,0,0,0,0,0,0,0,0,0,0,0,0,0,_30 Days of Night_ Blood Trails_ (2007) What is it to be a superstar We suspect its not at all what you think it is All of us at some time or another come to a point our lives where we need to choose what path to go down In many respects its like standing in front of a bridge - a bridge in life sort-of-speak But if your goal in crossing that bridge is to become a superstar on the other side youre going to find that in crossing it youre going to be on your own that none of your friends are going to dare to go with you and that when you get to the other side youre going to lose control and the only thing you will know is that everything you know will do you no good from thereon Everything on the other side of that bridge is new and the choice is yours to make your world beautiful    or to make it crap The choice is yours and yours alone Our story follows the journeys of three different musical groups as they aspire to ascend toward superstardom One of the groups is poor and living in the ghetto and they are the victims of abusive relationships and broken families Another group is a typical suburban garage band supported by friends and a family who loves them and cares about their dreams The third group is filthy rich - and while it would seem the rich guys could simply buy their way to the top the reality is that the one thing they want more than anything in life can not be bought Now while all of these groups of musicians come from vastly diverse backgrounds and have completely different motivations for wanting to become famous underneath it all they are all the same they just dont know it yet All of them are going to cross the same bridge and on the other side all of them will face choices and all of them will have the opportunity to turn their new world into something beautiful    or to let it turn into crap The choice is theirs and theirs alone We are going to find in our story that some people - no matter how talented they may be - simply do not deserve to be famous For you can fight to make it to the top and you can struggle to get away from where youve come from    but when you get to the end of your journey and you find yourself looking into the mirror expecting to see a superstar facing back at you youre going to see the truth Youre going to see more clearly than ever before all the places where youve been and all the people youve tried so hard to get away from    and youre going to realize that nothing has changed Nothing but you You are somebody else now And for the first time in your life - if you are the true superstar - you will be able to see beauty in everything around you Youll see it in the toughest and least likely of places And you will fly
70,0,0,0,0,0,0,0,0,0,0,0,0,0,0,0,0,0,0,0,0,0,0,0,0,0,0,1,0,_30 for 30_ (2009) 30 DAYS OF NIGHT BLOOD TRAILS is based on the New Orleans storyline from the original graphic novel by Steve Niles 30 DAYS OF NIGHT BLOOD TRAILS follows George a young addict who makes a living seeking covert information for Judith the weary but wise New Orleans vampire hunter Ready for change George plans to score one final job so he can leave town but finds the road to salvation quickly crumbling when his contacts start turning up dead Now George must dodge vampires while navigating the harsh underbelly of New Orleans to get his last payday and make it out alive
71,0,0,0,0,0,0,0,0,0,0,0,0,0,0,0,0,0,0,0,1,0,0,0,0,0,0,0,0,_30 for 30_ (2009) _Kings Ransom (_1_1)_ Do you remember where you were on June 17 1994 Thanks to a wide array of unrelated coast-to-coast occurrences this Friday has come to be known for its firsts lasts triumphs and tragedy Arnold Palmer played his last round at a US Open in Oakmont Pa the FIFA World Cup kicked off in Chicago the Rangers celebrated on Broadway Patrick Ewing desperately pursued a long evasive championship in the Garden and Donald Fehr stared down the baseball owners And yet all of that was a prelude to OJ Simpson leading America on a slow speed chase in a white Ford Bronco around Los Angeles
72,0,0,0,0,0,0,0,0,0,0,0,0,0,0,0,0,0,0,0,0,0,0,0,1,0,0,0,0,_30 Seconds to Fame_ (2002) Liz makes the staff work on Valentines Day all night long While Liz gets flowers and she doesnt know who send them to her Pete forgets about the Valentines Day which is also his wifes birthday Jack meets with Bianca to make their divorce final To celebrate that he is divorced Jack goes with Tracy into a bar but Tracy has to leave because he wants to spend time with his wife Jenna has got the feeling that Frank doesnt like her which turns out to be true when he tells her so Meanwhile the staff tries to talk Kenneth into hooking up with Cerie
73,0,0,0,0,0,0,0,0,0,0,0,0,0,0,0,0,0,0,0,0,0,0,0,1,0,0,0,0,_30 segundos_ (2004) 30 Seconds to Fame is a fast-paced competitive talent show hosted by Craig J Jackson Each half-hour episode will pit approximately 24 acts of diverse talents in 2 rounds of competition Each round will allow acts up to 30 seconds in which to display their talent for the audience After the first round the audience will decide which 3 acts advance to the second round Following the second round the audience will vote for the winner of the 25000 weekly prize In this fast-paced half hour both talented and not-so-talented contestants have 30 seconds to demonstrate a particular skill to the judges and a cynical studio audience At the end of each episode one lucky winner will take home 25000
74,0,0,0,0,0,0,0,0,0,0,0,0,0,0,0,0,0,0,0,1,0,0,0,0,0,0,0,0,_30x30_ Kid Flicks_ (2001) Thirty Seconds is a Docu Soap that registers the daily work at a fire station using a language that mixes documentary and reality A production crew complete with a camera and journal teams lives at a fire house ready to accompany aboard the fire truck firefighters to their next call
75,0,0,1,0,0,0,0,0,0,0,0,0,0,0,0,0,0,1,0,0,0,0,0,0,0,0,0,0,_33 Brompton Place_ (1982) This is the Turner Classic Movies TCM cable channels 14th annual festival celebrating the Academy Awards From February 1 through March 2 each of the feature films and short subjects presented is a winner or nominee of at least one Academy Award This year in the prime timeovernight schedule 800pm to approximately 600am Eastern Time each day of the week focused on the films a particular decade or decades Films of the 1920s and 30s were shown on Mondays the 1940s on Tuesdays the 1950s on Wednesdays the 1960s on Thursdays the 1970s on Fridays the 1980s on Saturdays and the 1990s and 2000s on Sunday The daytime lineup featured minifestivals emphasizing various themes or showcasing the films of a particular actor or director February 1 focused on adventure films Feb 2 science fiction Feb 3 musicals Feb 4 biographies Feb 5 coming-of-age Feb 6 journalism Feb 7 from novel to film Feb 8 melodrama Feb 9 fantasy Feb 10 mystery Feb 11 politics Feb 12 New York Feb 13 Cary Grant qv Feb 14 love and kisses Feb 15 comedies Feb 16 Katharine Hepburn qv Feb 17 John Wayne I qv Feb 18 history Feb 19 westerns Feb 20 communists Feb 21 war movies Feb 22 sports Feb 23 Alfred Hitchcock I qv Feb 24 orphans Feb 25 crime Feb 26 small town life Feb 27 the high seas Feb 28 weddings Feb 29 courtroom dramas Mar 1 show business Mar 2 epics Several films had their TCM premiers during this festival including Wings 1927 qv the first winner of the Best Picture Oscar and Lord of the Rings The Return of the King The 2003 qv the 2003 winner
76,0,0,0,0,0,0,0,0,0,0,0,0,0,0,0,0,0,0,0,1,0,0,0,0,0,0,0,0,_360_ - Die GEO-Reportage_ (1999) _Peru - Delfine in Gefahr_ Three beautiful women occupy the penthouse apartment at 33 Brompton Place in the ritzy Near North Side of Chicago Patricia is a middle management editor for Foxxx Magazine an upscale mens publication in the Playboy tradition Robin works as a public relations councilor but the job is a front for her real occupation as an industrial spy Tony comes to Chicago from the city of Kitchener in Ontario with hopes of becoming a model The loves adventures and careers of these lovely women form the plot of 33 Brompton Place
77,0,0,0,0,0,0,0,0,0,0,1,0,0,0,0,0,0,0,0,0,0,0,0,0,0,0,0,0,_365gay News_ (2008) In Peru every year minimum 15000 Dolphins are slaughtered illegal for their meat The documentary shows how a German  Peruvian couple is working against it with the help of undercover researches and the environmental police Training the fishermen to tourist guides can help to solve the problem in the future
78,1,0,0,0,0,1,0,0,0,0,0,0,0,0,0,0,0,0,0,0,0,0,0,0,0,0,0,0,_3rd Rock from the Sun_ (1996) The leading source of LGBT news with daily short-form online pieces and a weekly show hosted by Emmy Award-Winning news anchor Ross Palombo Watch news from across the nation and around the world with a range of headlines for the LGBT community
79,0,0,0,0,0,0,0,0,0,0,0,0,0,0,0,0,0,1,0,0,0,0,0,0,0,0,0,0,_413 Hope St__ (1997) With a few of his colleagues Don confiscates the Solomons house so they can watch the neighborhood because they suspect one of the neighbors is a video pirate When a state criminal investigator takes over from Don and his gang Sally feels very attracted to this lieutenant Meanwhile Dick wants to know what its like to be young and while on a spring break holiday with Mary by chance meets his students and starts partying with them
80,0,0,0,0,0,0,0,0,0,0,0,0,0,0,0,0,0,1,0,0,0,0,0,0,0,0,0,0,_42_ (2007) 413 Hope Street is the physical address of a crisis center catering to inner city youth and their families The doctors surgeons psychologists and social workers work together to provide the best possible support to anyone walking in their door The show is a drama ranging in issues from a girl getting gonorrhea who had an affair with her father to a kid who repeatedly witnessed his cop-father abuse his mother to characters living up to the responsibility of caring for their infant children
81,0,0,0,0,0,0,0,0,0,0,0,0,0,0,0,0,0,0,0,0,0,0,0,1,0,0,0,0,_5 Seekers_ (2006) Five guys from different walks of life discuss five topics from breast feeding in public to how to snag a babe at the local pub See how these guys communicate with their significant others Find out who is the Purple Panty Bandit and who has never gotten any at all
82,0,0,0,0,0,0,0,0,0,0,0,0,0,0,0,0,0,0,0,0,0,1,0,0,0,0,0,0,_500 Nations_ (1995) Our human make up is such that everyone on the face of the planet longs to believe in something Freud called it the God-hole and never before has this hole been so wide and deep In Western culture today many people have lives that from the outside look complete - house family and career all in order but something is missing something truly spiritual calls to them 5 Seekers is a six-part realitydocumentary series that takes a small group of compelling characters on a journey to try and fill that hole Guided by host Ralph Benmergui our eager group of five women and men travel to some of the most spiritually attuned places in the world and come in close contact with new ideas great teachers and exciting experiences They also come in contact with some obscure and fringe practices that inspire irreverence amidst the reverence
83,0,0,0,0,0,0,0,0,0,0,0,0,0,0,0,0,0,0,0,0,0,0,1,0,0,1,0,0,_6_ Setzen - Das Wissensduell Gro_ gegen Klein_ (2007) 500 Nations is an eight part documentary which explores the history of the indigenous peoples of North and Central America from pre-Colombian times through the period of European contact and colonization to the end of the 19th century and the subjugation of the Plains Indians of North America 500 Nations relies on historical texts eyewitnesses accounts pictorial sources and computer graphic reconstructions to explore the magnificent civilizations which flourished prior to contact with Western civilization and to tell the dramatic and tragic story of the Native American nations desperate attempts to retain their way of life against overwhelming odds
84,0,0,0,0,0,0,0,0,0,0,0,0,0,0,0,0,0,0,0,0,0,0,0,1,0,0,0,0,_60 Minute Makeover_ (2004) There are 1 teacher the host 6 students children aged 8-10 years 3 socialites and 600 grown-ups in audience in the classroom In every round one student fights against one grown-up always a socialite and a grown-up from audience in change and both have to answer the questions which the teacher asks If both have the right answer then both win 2500 Euros for his account If only one has the right answer he wins 5000 Euros The other one has to sit down and gets the school-grade 6 US grade F If both give the wrong answer it happens the same sit down - 6 but they can save their money if his team has given the majority of right answers Then in case of the contestant has to sit down its the next team members turn But further there is also a joker to crib from another team member he takes his answer without the knowledge if this answer is right When all 20 questions are answered this team with the most money wins the match and both teams get their own gained money for their project
85,0,0,0,0,0,0,0,0,0,0,1,0,0,0,0,0,0,0,0,1,0,0,0,0,0,0,0,0,_60 Minutes_ (1968) Back in 1975 six years after Judy Garlands death Mike Wallace sat down with daughters Liza Minnelli and Lorna Luft to learn about their mothers short troubled life Now 30 years after her death Wallace sits down with Minnelli and Luft again to talk about how their mothers life and death affected them as well as the comeback she is having today - with a generation that was not even born until after she died
86,0,0,0,0,0,1,0,0,0,0,0,0,0,0,0,0,0,0,0,0,0,0,0,0,0,0,0,0,_7 d_as al desnudo_ (2005) Jens going for her drivers license and Jude the only one with a valid permit to drive is giving her some tips At first shes timid but after training at the virtual driving game in the Arcade Jens a lean mean driving machine After Wyatt loses his lucky charm hes convinced hes doomed to a life of bad luck Caitlin sets out to prove to him that luck has nothing to do with your successes in life or does it Ask Jonesy who just got fired Again
87,0,0,0,0,0,1,0,0,0,0,0,0,0,0,0,0,0,0,0,0,0,0,0,0,0,0,0,0,_7 vidas_ (1999) Marta is the head reporter in a seroius magazine Unfortunately it is currently not selling as good as it should so Andrs the magazine owner decides to hire a new boss to run it and turn it into a low-quality but highly profitable sensationalistic magazine To Martas chagrin and indignation--she had expected to be offered the job herself--the amoral and unprincipled new boss is no less than her own husband
88,0,0,0,0,0,1,0,0,0,0,0,0,0,0,0,0,0,0,0,0,0,0,0,0,0,0,0,0,_704 Hauser_ (1994) Spanish sit-com where David awakes after being 18 years in a comma only to find his world completely changed Hell have to struggle not only in his search for identity but also with his neurotic sister Carlota his Marxist next-door neighbor Sole and her son Paco and Davids secret love interest and distant cousin Laura As the series evolved other characters joined the crew as some of the initial ones gradually disappeared among the new ones were the waiter Gonzalo who eventually married Carlota his promiscuous little sister Vero or Soles other son Flix
89,0,1,0,0,0,0,0,0,0,0,0,0,0,0,0,0,0,1,0,0,0,0,0,0,0,0,0,0,_72 Hours_ True Crime_ (2003) Archie Bunker from All in the Family lived at 704 Hauser St in Queens NY Now the house is inhabited by an African-American family The two parents are typical working-class blue collar liberals The son is an arch-conservative who listens to Rush Limbaugh He also dates a Jewish girl from down the street Only 6 episodes of this series were made
90,0,1,0,0,0,0,0,0,0,0,0,0,0,0,0,0,0,1,1,0,0,0,0,0,0,0,0,0,_77 Sunset Strip_ (1958) Fact The majority of crimes are solved within 72 hours of being committed Fact The final 72 hours of a victims life holds the key to the murderers identity Put these facts together and you have the premise for a 20-episode half-hour series that delves into the background of crimes based on Canadian police records Utilizing documentary- style dramatic recreations this series takes viewers into the world of forensic science and the amazing technologies and investigative techniques applied to crime solving
91,0,0,0,0,0,0,0,0,0,0,0,0,0,0,0,0,0,1,0,0,0,0,1,0,0,0,0,0,_7th Heaven_ (1996) Finding Hollywood more perilous than Folsom ex-con hires dynamic duo Jeff  Stu to riddle out precisely whos shooting at him Convicted robber Detterback chilled out in the cooler but the heat dont buy that hes doesnt know the assassin so Detterback goes almost batty His wife made it large as a fashion designer during the bad time he was hanging in the stately big house but is his Alice the greatest most loyal spouse  Or does she deserve something better than Detterback who might get it pow right in the kisser
92,0,0,0,0,0,1,0,0,0,0,0,0,0,0,0,0,0,1,0,0,0,0,0,0,0,0,0,0,_8 Simple Rules___ for Dating My Teenage Daughter_ (2002) Eric has finally decided to tell the children about his heart condition He and Annie are flying to Scotland so Ruthie is frantic she doesnt want to return home but stay normal not a preachers kid Lucy plays the drama queen not to be told earlier and now refuses to listen now to Kevin who once again is caught from all sides T-Bone and the girls pretend to be scared and want to stay in Kevins house while the Camdens are away Kevin doesnt buy it indeed Jeane is hiding from her husband a boot-camp private she married only three weeks ago just for the benefits Margaret has bad news for T-Bone Sandy calls Lucy she was crazy to declare her love to co-student Daniel she now wants her babys dad Martin back
93,0,0,0,0,0,0,0,0,0,0,0,0,0,0,0,0,0,0,0,1,0,0,0,0,0,0,0,0,_8_50 to Paddington Green_ (1999) CJ asks the girls math teacher the Japanese Mrs Krupp out - and she accepts To everyones surprise their date goes well and they start seeing each other Then Cheryl turns up claiming that she missed CJ and suddenly he is in the most unlikely of situations having to choose between two women on a Valentines Day
94,0,1,0,0,0,0,0,0,0,0,0,0,0,0,0,0,0,1,0,0,0,0,0,0,0,0,0,0,_87th Precinct_ (1961) Ross Kemp qv narrates this spin-off series about the everyday lives of two twelve year old girls Lia Saville and Dominique Moore first introduced in the documentary series Paddington Green 1999 qv who are seeking fame and fortune at the Sylvia Young Academy The academy is part school and part theatre booking agency and is well known for producing stars of film and television
95,0,0,0,0,0,0,0,0,0,0,0,0,0,0,0,0,0,0,0,1,0,0,0,1,0,0,0,0,_8th _ Ocean_ (2006) Manhattans 87th precinct forms the backdrop for this grim and gritty police drama based on the long-running series of novels by Ed McBain Storylines focus on neighborhood crime and the lives of the officers of the 87th and their families Steve Carella and his deafmute wife Teddy rookie Bert Kling long-time veteran Roger Havilland and the wryly philosophical Meyer Meyer
96,1,0,0,1,0,0,0,0,0,0,0,0,0,0,0,0,0,0,0,0,0,0,0,0,0,0,0,0,_8th Man_ (1965) Want to know what the high-stakes competitive world of modeling is really like Youre invited to drop by 8th  Ocean Deep in the heart of Miamis hot South Beach ten professional models live together in a beachfront apartment complex each trying to make their way in a glamorous yet very demanding industry From the fading star afraid her time has passed to the nave newbie testing her moral limits to the party boy searching for true love 8th  Ocean shows you the hard work and human drama behind the glossy fashion spreads
97,0,0,0,0,0,1,0,0,0,0,0,0,0,0,0,0,0,0,0,0,0,0,0,0,0,0,0,0,_9 to 5_ (1982) Animated series about an android super-hero He was the scientists eighth attempt at creating a super being hence the title In addition to the usual powers such as flying ray blasts etc he was also able to assume other identities by morphing
98,0,0,0,0,0,0,0,0,0,0,0,0,0,0,0,0,0,1,0,0,0,0,0,0,0,0,0,0,_90210_ (2008) Second television version of the film of the same title brings back Valerie Curtin and replaces Rita Moreno with Sally Struthers Along with Rachel Dennison the girls are now working for a new boss Based on the popular film of the same name This show follows three office workers Doralee Judy and Violet as they wage office warfare while trying not to jeopardize their careers against their obnoxious boss Mr Hart and his equally obnoxious sidekick Roz
99,0,0,0,0,0,0,0,0,0,0,0,0,0,0,0,0,0,0,0,0,0,0,0,1,0,0,0,0,_99 Most Amazing_ (2006) As West Beverly prepares itself for the annual prom Annie Adrianna Naomi and Silver go out shopping together for the right evening gown to wear and try to get all glamored up for the event by visiting a famous hair stylist A dateless Annie agrees to attend the event with the socially awkward Charlie who has a massive crush on her However when he realizes that Annie is only interested in being friends Charlie turns against Annie showing his true repressed psychopath colors to plot a cruel revenge Naomi attends the prom with Liam while she learns that Jen has emptied out her trust fund to support them living at Jens new house Meanwhile Dixon is nominated for prom king while Ethan learns that he has been accepted into lacrosse camp for the summer Also both Kelly and Harry take action to help Liam get on the right track while he continues to try to temp Annie to embrace her own dark side as he has with his own Ryan grows more closer towards Jen and he also ignores Kellys warnings that Jen is a devious sociopath seductress whom is using him for self interest At the prom Harry informs the students in attendance that any after-prom activities will be dealt with punishment while Navid provokes a fistfight with Ty when he reacts with indifference over the pregnant Adriannas unborn child which is in fact his When Silver learns that Dixon has nominated himself for prom king she decides to enter for prom queen as a write-in candidate and finally gets to speak her mind to the attendees
100,0,0,0,0,0,0,0,0,0,0,0,0,0,0,0,0,0,0,0,1,0,0,0,0,0,0,0,0,_A benn_nk _l_ m_tosz_ (2006) A family burns to death as victim of an accidental fire The media sells the story of a brutal crime Tavares allies himself with the criminal Abacate to punish the killers The other investigators have now to hinder that the murderers be killed as they try to guarantee the rule of law
